__source_file,instance,algo,algo_seed,time_limit_sec,init_heuristic,fix_policy,strong_margin,max_fix_per_round,restarts,perturb_y,ablation,UB,runtime_sec,stop_reason
/mnt/g/Nextcloud/FSU_Cloud/毕设/ILP-Algorithm-for-Graph-Colouring-Problem/results/_merged/merged_schema_74a81e418f_cols26_files72.csv,myciel3,dsatur,0,300,,,,,,,baseline,4,0.0004487999999582,baseline
/mnt/g/Nextcloud/FSU_Cloud/毕设/ILP-Algorithm-for-Graph-Colouring-Problem/results/_merged/merged_schema_74a81e418f_cols26_files72.csv,myciel3,slo,0,300,,,,,,,baseline,4,0.0002182000002903,baseline
/mnt/g/Nextcloud/FSU_Cloud/毕设/ILP-Algorithm-for-Graph-Colouring-Problem/results/_merged/merged_schema_74a81e418f_cols26_files72.csv,myciel3,iterlp2_full,0,300,smallest_last,prefix_shrink+rounded_support,0.25,10,4,1e-06,full,4,2.1456703379999453,stalled_at_K_eq_ceil_zLP
/mnt/g/Nextcloud/FSU_Cloud/毕设/ILP-Algorithm-for-Graph-Colouring-Problem/results/_merged/merged_schema_74a81e418f_cols26_files72.csv,myciel4,dsatur,0,300,,,,,,,baseline,5,0.0004681000000346,baseline
/mnt/g/Nextcloud/FSU_Cloud/毕设/ILP-Algorithm-for-Graph-Colouring-Problem/results/_merged/merged_schema_74a81e418f_cols26_files72.csv,myciel4,slo,0,300,,,,,,,baseline,5,0.0003509999996822,baseline
/mnt/g/Nextcloud/FSU_Cloud/毕设/ILP-Algorithm-for-Graph-Colouring-Problem/results/_merged/merged_schema_74a81e418f_cols26_files72.csv,myciel4,iterlp2_full,0,300,smallest_last,prefix_shrink+rounded_support,0.25,10,4,1e-06,full,5,300.16667393199987,time_limit
/mnt/g/Nextcloud/FSU_Cloud/毕设/ILP-Algorithm-for-Graph-Colouring-Problem/results/_merged/merged_schema_74a81e418f_cols26_files72.csv,myciel5,dsatur,0,300,,,,,,,baseline,6,0.0017864999999801,baseline
/mnt/g/Nextcloud/FSU_Cloud/毕设/ILP-Algorithm-for-Graph-Colouring-Problem/results/_merged/merged_schema_74a81e418f_cols26_files72.csv,myciel5,slo,0,300,,,,,,,baseline,6,0.0007120000000213,baseline
/mnt/g/Nextcloud/FSU_Cloud/毕设/ILP-Algorithm-for-Graph-Colouring-Problem/results/_merged/merged_schema_74a81e418f_cols26_files72.csv,myciel5,iterlp2_full,0,300,smallest_last,prefix_shrink+rounded_support,0.25,10,4,1e-06,full,6,300.3028456449997,time_limit
/mnt/g/Nextcloud/FSU_Cloud/毕设/ILP-Algorithm-for-Graph-Colouring-Problem/results/_merged/merged_schema_74a81e418f_cols26_files72.csv,myciel6,dsatur,0,300,,,,,,,baseline,7,0.0084844000002703,baseline
/mnt/g/Nextcloud/FSU_Cloud/毕设/ILP-Algorithm-for-Graph-Colouring-Problem/results/_merged/merged_schema_74a81e418f_cols26_files72.csv,myciel6,slo,0,300,,,,,,,baseline,7,0.0021176999998715,baseline
/mnt/g/Nextcloud/FSU_Cloud/毕设/ILP-Algorithm-for-Graph-Colouring-Problem/results/_merged/merged_schema_74a81e418f_cols26_files72.csv,myciel6,iterlp2_full,0,300,smallest_last,prefix_shrink+rounded_support,0.25,10,4,1e-06,full,7,300.5218157070003,time_limit
/mnt/g/Nextcloud/FSU_Cloud/毕设/ILP-Algorithm-for-Graph-Colouring-Problem/results/_merged/merged_schema_74a81e418f_cols26_files72.csv,myciel7,dsatur,0,300,,,,,,,baseline,8,0.0423924990000159,baseline
/mnt/g/Nextcloud/FSU_Cloud/毕设/ILP-Algorithm-for-Graph-Colouring-Problem/results/_merged/merged_schema_74a81e418f_cols26_files72.csv,myciel7,slo,0,300,,,,,,,baseline,8,0.0054570000002058,baseline
/mnt/g/Nextcloud/FSU_Cloud/毕设/ILP-Algorithm-for-Graph-Colouring-Problem/results/_merged/merged_schema_74a81e418f_cols26_files72.csv,myciel7,iterlp2_full,0,300,smallest_last,prefix_shrink+rounded_support,0.25,10,4,1e-06,full,8,302.0608118549999,time_limit
/mnt/g/Nextcloud/FSU_Cloud/毕设/ILP-Algorithm-for-Graph-Colouring-Problem/results/_merged/merged_schema_74a81e418f_cols26_files72.csv,DSJC250.9,dsatur,0,3,,,,,,,baseline,92,0.3410419002175331,baseline
/mnt/g/Nextcloud/FSU_Cloud/毕设/ILP-Algorithm-for-Graph-Colouring-Problem/results/_merged/merged_schema_74a81e418f_cols26_files72.csv,DSJC250.9,slo,0,3,,,,,,,baseline,96,0.0608740597963333,baseline
/mnt/g/Nextcloud/FSU_Cloud/毕设/ILP-Algorithm-for-Graph-Colouring-Problem/results/_merged/merged_schema_74a81e418f_cols26_files72.csv,DSJC250.9,iterlp2_full,0,3,smallest_last,prefix_shrink+rounded_support,0.25,30,32,1e-06,full,96,19.04565791785717,time_limit
/mnt/g/Nextcloud/FSU_Cloud/毕设/ILP-Algorithm-for-Graph-Colouring-Problem/results/_merged/merged_schema_74a81e418f_cols26_files72.csv,DSJC250.9,dsatur,0,3,,,,,,,baseline,92,0.406611867249012,baseline
/mnt/g/Nextcloud/FSU_Cloud/毕设/ILP-Algorithm-for-Graph-Colouring-Problem/results/_merged/merged_schema_74a81e418f_cols26_files72.csv,DSJC250.9,slo,0,3,,,,,,,baseline,96,0.0747336745262146,baseline
/mnt/g/Nextcloud/FSU_Cloud/毕设/ILP-Algorithm-for-Graph-Colouring-Problem/results/_merged/merged_schema_74a81e418f_cols26_files72.csv,DSJC250.9,iterlp2_full,0,3,smallest_last,prefix_shrink+rounded_support,0.25,30,32,1e-06,full,96,23.549715012311932,time_limit
/mnt/g/Nextcloud/FSU_Cloud/毕设/ILP-Algorithm-for-Graph-Colouring-Problem/results/_merged/merged_schema_74a81e418f_cols26_files72.csv,DSJC250.9,dsatur,1,3,,,,,,,baseline,92,0.3531506732106209,baseline
/mnt/g/Nextcloud/FSU_Cloud/毕设/ILP-Algorithm-for-Graph-Colouring-Problem/results/_merged/merged_schema_74a81e418f_cols26_files72.csv,DSJC250.9,slo,1,3,,,,,,,baseline,96,0.0611646696925163,baseline
/mnt/g/Nextcloud/FSU_Cloud/毕设/ILP-Algorithm-for-Graph-Colouring-Problem/results/_merged/merged_schema_74a81e418f_cols26_files72.csv,DSJC250.9,iterlp2_full,1,3,smallest_last,prefix_shrink+rounded_support,0.25,30,32,1e-06,full,96,18.76165328174829,time_limit
/mnt/g/Nextcloud/FSU_Cloud/毕设/ILP-Algorithm-for-Graph-Colouring-Problem/results/_merged/merged_schema_74a81e418f_cols26_files72.csv,DSJC250.9,dsatur,1,3,,,,,,,baseline,92,0.4086163640022278,baseline
/mnt/g/Nextcloud/FSU_Cloud/毕设/ILP-Algorithm-for-Graph-Colouring-Problem/results/_merged/merged_schema_74a81e418f_cols26_files72.csv,DSJC250.9,slo,1,3,,,,,,,baseline,96,0.0735097676515579,baseline
/mnt/g/Nextcloud/FSU_Cloud/毕设/ILP-Algorithm-for-Graph-Colouring-Problem/results/_merged/merged_schema_74a81e418f_cols26_files72.csv,DSJC250.9,iterlp2_full,1,3,smallest_last,prefix_shrink+rounded_support,0.25,30,32,1e-06,full,96,22.30958704650402,time_limit
/mnt/g/Nextcloud/FSU_Cloud/毕设/ILP-Algorithm-for-Graph-Colouring-Problem/results/_merged/merged_schema_74a81e418f_cols26_files72.csv,DSJC250.9,dsatur,2,3,,,,,,,baseline,92,0.3373785093426704,baseline
/mnt/g/Nextcloud/FSU_Cloud/毕设/ILP-Algorithm-for-Graph-Colouring-Problem/results/_merged/merged_schema_74a81e418f_cols26_files72.csv,DSJC250.9,slo,2,3,,,,,,,baseline,96,0.060403399169445,baseline
/mnt/g/Nextcloud/FSU_Cloud/毕设/ILP-Algorithm-for-Graph-Colouring-Problem/results/_merged/merged_schema_74a81e418f_cols26_files72.csv,DSJC250.9,iterlp2_full,2,3,smallest_last,prefix_shrink+rounded_support,0.25,30,32,1e-06,full,96,19.00295690447092,time_limit
/mnt/g/Nextcloud/FSU_Cloud/毕设/ILP-Algorithm-for-Graph-Colouring-Problem/results/_merged/merged_schema_74a81e418f_cols26_files72.csv,DSJC250.9,dsatur,2,3,,,,,,,baseline,92,0.4676230624318123,baseline
/mnt/g/Nextcloud/FSU_Cloud/毕设/ILP-Algorithm-for-Graph-Colouring-Problem/results/_merged/merged_schema_74a81e418f_cols26_files72.csv,DSJC250.9,slo,2,3,,,,,,,baseline,96,0.0852666050195694,baseline
/mnt/g/Nextcloud/FSU_Cloud/毕设/ILP-Algorithm-for-Graph-Colouring-Problem/results/_merged/merged_schema_74a81e418f_cols26_files72.csv,DSJC250.9,iterlp2_full,2,3,smallest_last,prefix_shrink+rounded_support,0.25,30,32,1e-06,full,96,21.681975185871124,time_limit
/mnt/g/Nextcloud/FSU_Cloud/毕设/ILP-Algorithm-for-Graph-Colouring-Problem/results/_merged/merged_schema_74a81e418f_cols26_files72.csv,DSJC250.9,dsatur,3,3,,,,,,,baseline,92,0.3421498462557792,baseline
/mnt/g/Nextcloud/FSU_Cloud/毕设/ILP-Algorithm-for-Graph-Colouring-Problem/results/_merged/merged_schema_74a81e418f_cols26_files72.csv,DSJC250.9,slo,3,3,,,,,,,baseline,96,0.0615041330456733,baseline
/mnt/g/Nextcloud/FSU_Cloud/毕设/ILP-Algorithm-for-Graph-Colouring-Problem/results/_merged/merged_schema_74a81e418f_cols26_files72.csv,DSJC250.9,iterlp2_full,3,3,smallest_last,prefix_shrink+rounded_support,0.25,30,32,1e-06,full,96,19.088255055248737,time_limit
/mnt/g/Nextcloud/FSU_Cloud/毕设/ILP-Algorithm-for-Graph-Colouring-Problem/results/_merged/merged_schema_74a81e418f_cols26_files72.csv,DSJC250.9,dsatur,3,3,,,,,,,baseline,92,0.4081154838204384,baseline
/mnt/g/Nextcloud/FSU_Cloud/毕设/ILP-Algorithm-for-Graph-Colouring-Problem/results/_merged/merged_schema_74a81e418f_cols26_files72.csv,DSJC250.9,slo,3,3,,,,,,,baseline,96,0.0742480084300041,baseline
/mnt/g/Nextcloud/FSU_Cloud/毕设/ILP-Algorithm-for-Graph-Colouring-Problem/results/_merged/merged_schema_74a81e418f_cols26_files72.csv,DSJC250.9,iterlp2_full,3,3,smallest_last,prefix_shrink+rounded_support,0.25,30,32,1e-06,full,96,23.137928061187267,time_limit
/mnt/g/Nextcloud/FSU_Cloud/毕设/ILP-Algorithm-for-Graph-Colouring-Problem/results/_merged/merged_schema_74a81e418f_cols26_files72.csv,DSJC250.9,dsatur,4,3,,,,,,,baseline,92,0.3369253650307655,baseline
/mnt/g/Nextcloud/FSU_Cloud/毕设/ILP-Algorithm-for-Graph-Colouring-Problem/results/_merged/merged_schema_74a81e418f_cols26_files72.csv,DSJC250.9,slo,4,3,,,,,,,baseline,96,0.060839757323265,baseline
/mnt/g/Nextcloud/FSU_Cloud/毕设/ILP-Algorithm-for-Graph-Colouring-Problem/results/_merged/merged_schema_74a81e418f_cols26_files72.csv,DSJC250.9,iterlp2_full,4,3,smallest_last,prefix_shrink+rounded_support,0.25,30,32,1e-06,full,96,18.92248103767633,time_limit
/mnt/g/Nextcloud/FSU_Cloud/毕设/ILP-Algorithm-for-Graph-Colouring-Problem/results/_merged/merged_schema_74a81e418f_cols26_files72.csv,DSJC250.9,dsatur,4,3,,,,,,,baseline,92,0.4057177826762199,baseline
/mnt/g/Nextcloud/FSU_Cloud/毕设/ILP-Algorithm-for-Graph-Colouring-Problem/results/_merged/merged_schema_74a81e418f_cols26_files72.csv,DSJC250.9,slo,4,3,,,,,,,baseline,96,0.072883240878582,baseline
/mnt/g/Nextcloud/FSU_Cloud/毕设/ILP-Algorithm-for-Graph-Colouring-Problem/results/_merged/merged_schema_74a81e418f_cols26_files72.csv,DSJC250.9,iterlp2_full,4,3,smallest_last,prefix_shrink+rounded_support,0.25,30,32,1e-06,full,96,22.864225961267948,time_limit
/mnt/g/Nextcloud/FSU_Cloud/毕设/ILP-Algorithm-for-Graph-Colouring-Problem/results/_merged/merged_schema_74a81e418f_cols26_files72.csv,DSJC500.9,dsatur,0,3,,,,,,,baseline,170,2.7571864277124405,baseline
/mnt/g/Nextcloud/FSU_Cloud/毕设/ILP-Algorithm-for-Graph-Colouring-Problem/results/_merged/merged_schema_74a81e418f_cols26_files72.csv,DSJC500.9,slo,0,3,,,,,,,baseline,172,0.2667561918497085,baseline
/mnt/g/Nextcloud/FSU_Cloud/毕设/ILP-Algorithm-for-Graph-Colouring-Problem/results/_merged/merged_schema_74a81e418f_cols26_files72.csv,DSJC500.9,dsatur,1,3,,,,,,,baseline,170,2.7574627324938774,baseline
/mnt/g/Nextcloud/FSU_Cloud/毕设/ILP-Algorithm-for-Graph-Colouring-Problem/results/_merged/merged_schema_74a81e418f_cols26_files72.csv,DSJC500.9,slo,1,3,,,,,,,baseline,172,0.2640198469161987,baseline
/mnt/g/Nextcloud/FSU_Cloud/毕设/ILP-Algorithm-for-Graph-Colouring-Problem/results/_merged/merged_schema_74a81e418f_cols26_files72.csv,DSJC500.9,iterlp2_full,1,3,smallest_last,prefix_shrink+rounded_support,0.25,30,32,1e-06,full,172,124.7509054839611,time_limit
/mnt/g/Nextcloud/FSU_Cloud/毕设/ILP-Algorithm-for-Graph-Colouring-Problem/results/_merged/merged_schema_74a81e418f_cols26_files72.csv,DSJC500.9,dsatur,1,3,,,,,,,baseline,170,3.2881676331162453,baseline
/mnt/g/Nextcloud/FSU_Cloud/毕设/ILP-Algorithm-for-Graph-Colouring-Problem/results/_merged/merged_schema_74a81e418f_cols26_files72.csv,DSJC500.9,slo,1,3,,,,,,,baseline,172,0.3273490965366363,baseline
/mnt/g/Nextcloud/FSU_Cloud/毕设/ILP-Algorithm-for-Graph-Colouring-Problem/results/_merged/merged_schema_74a81e418f_cols26_files72.csv,DSJC500.9,iterlp2_full,1,3,smallest_last,prefix_shrink+rounded_support,0.25,30,32,1e-06,full,172,146.88438667356968,time_limit
/mnt/g/Nextcloud/FSU_Cloud/毕设/ILP-Algorithm-for-Graph-Colouring-Problem/results/_merged/merged_schema_74a81e418f_cols26_files72.csv,DSJC500.9,dsatur,2,3,,,,,,,baseline,170,2.770205602049828,baseline
/mnt/g/Nextcloud/FSU_Cloud/毕设/ILP-Algorithm-for-Graph-Colouring-Problem/results/_merged/merged_schema_74a81e418f_cols26_files72.csv,DSJC500.9,slo,2,3,,,,,,,baseline,172,0.2660305649042129,baseline
/mnt/g/Nextcloud/FSU_Cloud/毕设/ILP-Algorithm-for-Graph-Colouring-Problem/results/_merged/merged_schema_74a81e418f_cols26_files72.csv,DSJC500.9,dsatur,3,3,,,,,,,baseline,170,2.7737269774079323,baseline
/mnt/g/Nextcloud/FSU_Cloud/毕设/ILP-Algorithm-for-Graph-Colouring-Problem/results/_merged/merged_schema_74a81e418f_cols26_files72.csv,DSJC500.9,slo,3,3,,,,,,,baseline,172,0.2629033178091049,baseline
/mnt/g/Nextcloud/FSU_Cloud/毕设/ILP-Algorithm-for-Graph-Colouring-Problem/results/_merged/merged_schema_74a81e418f_cols26_files72.csv,DSJC500.9,iterlp2_full,3,3,smallest_last,prefix_shrink+rounded_support,0.25,30,32,1e-06,full,172,120.83871591836214,time_limit
/mnt/g/Nextcloud/FSU_Cloud/毕设/ILP-Algorithm-for-Graph-Colouring-Problem/results/_merged/merged_schema_74a81e418f_cols26_files72.csv,DSJC500.9,dsatur,3,3,,,,,,,baseline,170,3.3315369561314583,baseline
/mnt/g/Nextcloud/FSU_Cloud/毕设/ILP-Algorithm-for-Graph-Colouring-Problem/results/_merged/merged_schema_74a81e418f_cols26_files72.csv,DSJC500.9,slo,3,3,,,,,,,baseline,172,0.3254336342215538,baseline
/mnt/g/Nextcloud/FSU_Cloud/毕设/ILP-Algorithm-for-Graph-Colouring-Problem/results/_merged/merged_schema_74a81e418f_cols26_files72.csv,DSJC500.9,iterlp2_full,3,3,smallest_last,prefix_shrink+rounded_support,0.25,30,32,1e-06,full,172,151.29439359158278,time_limit
/mnt/g/Nextcloud/FSU_Cloud/毕设/ILP-Algorithm-for-Graph-Colouring-Problem/results/_merged/merged_schema_74a81e418f_cols26_files72.csv,DSJC500.9,dsatur,4,3,,,,,,,baseline,170,2.789476074278354,baseline
/mnt/g/Nextcloud/FSU_Cloud/毕设/ILP-Algorithm-for-Graph-Colouring-Problem/results/_merged/merged_schema_74a81e418f_cols26_files72.csv,DSJC500.9,slo,4,3,,,,,,,baseline,172,0.2646538093686104,baseline
/mnt/g/Nextcloud/FSU_Cloud/毕设/ILP-Algorithm-for-Graph-Colouring-Problem/results/_merged/merged_schema_74a81e418f_cols26_files72.csv,DSJC500.9,iterlp2_full,4,3,smallest_last,prefix_shrink+rounded_support,0.25,30,32,1e-06,full,172,127.14984831959008,time_limit
/mnt/g/Nextcloud/FSU_Cloud/毕设/ILP-Algorithm-for-Graph-Colouring-Problem/results/_merged/merged_schema_74a81e418f_cols26_files72.csv,DSJC500.9,dsatur,4,3,,,,,,,baseline,170,3.306537345051765,baseline
/mnt/g/Nextcloud/FSU_Cloud/毕设/ILP-Algorithm-for-Graph-Colouring-Problem/results/_merged/merged_schema_74a81e418f_cols26_files72.csv,DSJC500.9,slo,4,3,,,,,,,baseline,172,0.3227380886673927,baseline
/mnt/g/Nextcloud/FSU_Cloud/毕设/ILP-Algorithm-for-Graph-Colouring-Problem/results/_merged/merged_schema_74a81e418f_cols26_files72.csv,DSJC500.9,iterlp2_full,4,3,smallest_last,prefix_shrink+rounded_support,0.25,30,32,1e-06,full,172,151.89382024109364,time_limit
/mnt/g/Nextcloud/FSU_Cloud/毕设/ILP-Algorithm-for-Graph-Colouring-Problem/results/_merged/merged_schema_74a81e418f_cols26_files72.csv,fpsol2.i.1,dsatur,0,6000,,,,,,,baseline,65,0.5269522741436958,baseline
/mnt/g/Nextcloud/FSU_Cloud/毕设/ILP-Algorithm-for-Graph-Colouring-Problem/results/_merged/merged_schema_74a81e418f_cols26_files72.csv,fpsol2.i.1,dsatur,1,6000,,,,,,,baseline,65,0.5249462723731995,baseline
/mnt/g/Nextcloud/FSU_Cloud/毕设/ILP-Algorithm-for-Graph-Colouring-Problem/results/_merged/merged_schema_74a81e418f_cols26_files72.csv,fpsol2.i.1,dsatur,2,6000,,,,,,,baseline,65,0.5271767303347588,baseline
/mnt/g/Nextcloud/FSU_Cloud/毕设/ILP-Algorithm-for-Graph-Colouring-Problem/results/_merged/merged_schema_74a81e418f_cols26_files72.csv,fpsol2.i.1,slo,0,6000,,,,,,,baseline,65,0.0282366350293159,baseline
/mnt/g/Nextcloud/FSU_Cloud/毕设/ILP-Algorithm-for-Graph-Colouring-Problem/results/_merged/merged_schema_74a81e418f_cols26_files72.csv,fpsol2.i.1,slo,1,6000,,,,,,,baseline,65,0.0277323499321937,baseline
/mnt/g/Nextcloud/FSU_Cloud/毕设/ILP-Algorithm-for-Graph-Colouring-Problem/results/_merged/merged_schema_74a81e418f_cols26_files72.csv,fpsol2.i.1,slo,2,6000,,,,,,,baseline,65,0.0272706001996994,baseline
/mnt/g/Nextcloud/FSU_Cloud/毕设/ILP-Algorithm-for-Graph-Colouring-Problem/results/_merged/merged_schema_74a81e418f_cols26_files72.csv,fpsol2.i.1,iterlp2_full,0,6000,smallest_last,prefix_shrink+rounded_support,0.25,30,32,1e-06,full,65,6114.099357716739,time_limit
/mnt/g/Nextcloud/FSU_Cloud/毕设/ILP-Algorithm-for-Graph-Colouring-Problem/results/_merged/merged_schema_74a81e418f_cols26_files72.csv,fpsol2.i.1,iterlp2_full,1,6000,smallest_last,prefix_shrink+rounded_support,0.25,30,32,1e-06,full,65,6148.760307528079,time_limit
/mnt/g/Nextcloud/FSU_Cloud/毕设/ILP-Algorithm-for-Graph-Colouring-Problem/results/_merged/merged_schema_74a81e418f_cols26_files72.csv,fpsol2.i.1,iterlp2_full,2,6000,smallest_last,prefix_shrink+rounded_support,0.25,30,32,1e-06,full,65,6133.800585106015,time_limit
/mnt/g/Nextcloud/FSU_Cloud/毕设/ILP-Algorithm-for-Graph-Colouring-Problem/results/_merged/merged_schema_74a81e418f_cols26_files72.csv,inithx.i.1,dsatur,0,6000,,,,,,,baseline,54,1.5194549262523651,baseline
/mnt/g/Nextcloud/FSU_Cloud/毕设/ILP-Algorithm-for-Graph-Colouring-Problem/results/_merged/merged_schema_74a81e418f_cols26_files72.csv,inithx.i.1,dsatur,1,6000,,,,,,,baseline,54,1.5102141052484512,baseline
/mnt/g/Nextcloud/FSU_Cloud/毕设/ILP-Algorithm-for-Graph-Colouring-Problem/results/_merged/merged_schema_74a81e418f_cols26_files72.csv,inithx.i.1,dsatur,2,6000,,,,,,,baseline,54,1.5178156942129135,baseline
/mnt/g/Nextcloud/FSU_Cloud/毕设/ILP-Algorithm-for-Graph-Colouring-Problem/results/_merged/merged_schema_74a81e418f_cols26_files72.csv,inithx.i.1,slo,0,6000,,,,,,,baseline,54,0.0497298464179039,baseline
/mnt/g/Nextcloud/FSU_Cloud/毕设/ILP-Algorithm-for-Graph-Colouring-Problem/results/_merged/merged_schema_74a81e418f_cols26_files72.csv,inithx.i.1,slo,1,6000,,,,,,,baseline,54,0.0475087761878967,baseline
/mnt/g/Nextcloud/FSU_Cloud/毕设/ILP-Algorithm-for-Graph-Colouring-Problem/results/_merged/merged_schema_74a81e418f_cols26_files72.csv,inithx.i.1,slo,2,6000,,,,,,,baseline,54,0.0518221408128738,baseline
/mnt/g/Nextcloud/FSU_Cloud/毕设/ILP-Algorithm-for-Graph-Colouring-Problem/results/_merged/merged_schema_74a81e418f_cols26_files72.csv,inithx.i.1,iterlp2_full,0,6000,smallest_last,prefix_shrink+rounded_support,0.25,30,32,1e-06,full,54,7137.239753067493,time_limit
/mnt/g/Nextcloud/FSU_Cloud/毕设/ILP-Algorithm-for-Graph-Colouring-Problem/results/_merged/merged_schema_74a81e418f_cols26_files72.csv,inithx.i.1,iterlp2_full,1,6000,smallest_last,prefix_shrink+rounded_support,0.25,30,32,1e-06,full,54,7154.404541373253,time_limit
/mnt/g/Nextcloud/FSU_Cloud/毕设/ILP-Algorithm-for-Graph-Colouring-Problem/results/_merged/merged_schema_74a81e418f_cols26_files72.csv,inithx.i.1,iterlp2_full,2,6000,smallest_last,prefix_shrink+rounded_support,0.25,30,32,1e-06,full,54,6013.574489168823,time_limit
/mnt/g/Nextcloud/FSU_Cloud/毕设/ILP-Algorithm-for-Graph-Colouring-Problem/results/_merged/merged_schema_74a81e418f_cols26_files72.csv,myciel3,dsatur,0,10,,,,,,,baseline,4,0.000305563211441,baseline
/mnt/g/Nextcloud/FSU_Cloud/毕设/ILP-Algorithm-for-Graph-Colouring-Problem/results/_merged/merged_schema_74a81e418f_cols26_files72.csv,myciel3,dsatur,1,10,,,,,,,baseline,4,0.0001313909888267,baseline
/mnt/g/Nextcloud/FSU_Cloud/毕设/ILP-Algorithm-for-Graph-Colouring-Problem/results/_merged/merged_schema_74a81e418f_cols26_files72.csv,myciel3,dsatur,2,10,,,,,,,baseline,4,0.0001072064042091,baseline
/mnt/g/Nextcloud/FSU_Cloud/毕设/ILP-Algorithm-for-Graph-Colouring-Problem/results/_merged/merged_schema_74a81e418f_cols26_files72.csv,myciel3,slo,0,10,,,,,,,baseline,4,0.0002259165048599,baseline
/mnt/g/Nextcloud/FSU_Cloud/毕设/ILP-Algorithm-for-Graph-Colouring-Problem/results/_merged/merged_schema_74a81e418f_cols26_files72.csv,myciel3,slo,1,10,,,,,,,baseline,4,0.0001356080174446,baseline
/mnt/g/Nextcloud/FSU_Cloud/毕设/ILP-Algorithm-for-Graph-Colouring-Problem/results/_merged/merged_schema_74a81e418f_cols26_files72.csv,myciel3,slo,2,10,,,,,,,baseline,4,0.0001252219080924,baseline
/mnt/g/Nextcloud/FSU_Cloud/毕设/ILP-Algorithm-for-Graph-Colouring-Problem/results/_merged/merged_schema_74a81e418f_cols26_files72.csv,myciel3,iterlp2_full,0,10,smallest_last,prefix_shrink+rounded_support,0.25,20,16,1e-06,full,4,1.8089423924684525,stalled_at_K_eq_ceil_zLP
/mnt/g/Nextcloud/FSU_Cloud/毕设/ILP-Algorithm-for-Graph-Colouring-Problem/results/_merged/merged_schema_74a81e418f_cols26_files72.csv,myciel3,iterlp2_full,1,10,smallest_last,prefix_shrink+rounded_support,0.25,20,16,1e-06,full,4,1.7411962673068049,stalled_at_K_eq_ceil_zLP
/mnt/g/Nextcloud/FSU_Cloud/毕设/ILP-Algorithm-for-Graph-Colouring-Problem/results/_merged/merged_schema_74a81e418f_cols26_files72.csv,myciel3,iterlp2_full,2,10,smallest_last,prefix_shrink+rounded_support,0.25,20,16,1e-06,full,4,1.775933876633644,stalled_at_K_eq_ceil_zLP
/mnt/g/Nextcloud/FSU_Cloud/毕设/ILP-Algorithm-for-Graph-Colouring-Problem/results/_merged/merged_schema_74a81e418f_cols26_files72.csv,myciel4,dsatur,0,10,,,,,,,baseline,5,0.00059175491333,baseline
/mnt/g/Nextcloud/FSU_Cloud/毕设/ILP-Algorithm-for-Graph-Colouring-Problem/results/_merged/merged_schema_74a81e418f_cols26_files72.csv,myciel4,dsatur,1,10,,,,,,,baseline,5,0.0004011243581771,baseline
/mnt/g/Nextcloud/FSU_Cloud/毕设/ILP-Algorithm-for-Graph-Colouring-Problem/results/_merged/merged_schema_74a81e418f_cols26_files72.csv,myciel4,dsatur,2,10,,,,,,,baseline,5,0.0003993138670921,baseline
/mnt/g/Nextcloud/FSU_Cloud/毕设/ILP-Algorithm-for-Graph-Colouring-Problem/results/_merged/merged_schema_74a81e418f_cols26_files72.csv,myciel4,slo,0,10,,,,,,,baseline,5,0.0003320947289466,baseline
/mnt/g/Nextcloud/FSU_Cloud/毕设/ILP-Algorithm-for-Graph-Colouring-Problem/results/_merged/merged_schema_74a81e418f_cols26_files72.csv,myciel4,slo,1,10,,,,,,,baseline,5,0.0002828165888786,baseline
/mnt/g/Nextcloud/FSU_Cloud/毕设/ILP-Algorithm-for-Graph-Colouring-Problem/results/_merged/merged_schema_74a81e418f_cols26_files72.csv,myciel4,slo,2,10,,,,,,,baseline,5,0.0002908334136009,baseline
/mnt/g/Nextcloud/FSU_Cloud/毕设/ILP-Algorithm-for-Graph-Colouring-Problem/results/_merged/merged_schema_74a81e418f_cols26_files72.csv,myciel4,iterlp2_full,0,10,smallest_last,prefix_shrink+rounded_support,0.25,20,16,1e-06,full,5,10.289728000760078,time_limit
/mnt/g/Nextcloud/FSU_Cloud/毕设/ILP-Algorithm-for-Graph-Colouring-Problem/results/_merged/merged_schema_74a81e418f_cols26_files72.csv,myciel4,iterlp2_full,1,10,smallest_last,prefix_shrink+rounded_support,0.25,20,16,1e-06,full,5,10.207233421504498,time_limit
/mnt/g/Nextcloud/FSU_Cloud/毕设/ILP-Algorithm-for-Graph-Colouring-Problem/results/_merged/merged_schema_74a81e418f_cols26_files72.csv,myciel4,iterlp2_full,2,10,smallest_last,prefix_shrink+rounded_support,0.25,20,16,1e-06,full,5,10.219344578683376,time_limit
/mnt/g/Nextcloud/FSU_Cloud/毕设/ILP-Algorithm-for-Graph-Colouring-Problem/results/_merged/merged_schema_74a81e418f_cols26_files72.csv,myciel5,dsatur,0,10,,,,,,,baseline,6,0.0018912181258201,baseline
/mnt/g/Nextcloud/FSU_Cloud/毕设/ILP-Algorithm-for-Graph-Colouring-Problem/results/_merged/merged_schema_74a81e418f_cols26_files72.csv,myciel5,dsatur,1,10,,,,,,,baseline,6,0.0016848519444465,baseline
/mnt/g/Nextcloud/FSU_Cloud/毕设/ILP-Algorithm-for-Graph-Colouring-Problem/results/_merged/merged_schema_74a81e418f_cols26_files72.csv,myciel5,dsatur,2,10,,,,,,,baseline,6,0.0016716942191123,baseline
/mnt/g/Nextcloud/FSU_Cloud/毕设/ILP-Algorithm-for-Graph-Colouring-Problem/results/_merged/merged_schema_74a81e418f_cols26_files72.csv,myciel5,slo,0,10,,,,,,,baseline,6,0.0008120983839035,baseline
/mnt/g/Nextcloud/FSU_Cloud/毕设/ILP-Algorithm-for-Graph-Colouring-Problem/results/_merged/merged_schema_74a81e418f_cols26_files72.csv,myciel5,slo,1,10,,,,,,,baseline,6,0.0007767602801322,baseline
/mnt/g/Nextcloud/FSU_Cloud/毕设/ILP-Algorithm-for-Graph-Colouring-Problem/results/_merged/merged_schema_74a81e418f_cols26_files72.csv,myciel5,slo,2,10,,,,,,,baseline,6,0.0007890164852142,baseline
/mnt/g/Nextcloud/FSU_Cloud/毕设/ILP-Algorithm-for-Graph-Colouring-Problem/results/_merged/merged_schema_74a81e418f_cols26_files72.csv,myciel5,iterlp2_full,0,10,smallest_last,prefix_shrink+rounded_support,0.25,20,16,1e-06,full,6,10.194656066596508,time_limit
/mnt/g/Nextcloud/FSU_Cloud/毕设/ILP-Algorithm-for-Graph-Colouring-Problem/results/_merged/merged_schema_74a81e418f_cols26_files72.csv,myciel5,iterlp2_full,1,10,smallest_last,prefix_shrink+rounded_support,0.25,20,16,1e-06,full,6,10.573778331279756,time_limit
/mnt/g/Nextcloud/FSU_Cloud/毕设/ILP-Algorithm-for-Graph-Colouring-Problem/results/_merged/merged_schema_74a81e418f_cols26_files72.csv,myciel5,iterlp2_full,2,10,smallest_last,prefix_shrink+rounded_support,0.25,20,16,1e-06,full,6,10.348558612167835,time_limit
/mnt/g/Nextcloud/FSU_Cloud/毕设/ILP-Algorithm-for-Graph-Colouring-Problem/results/_merged/merged_schema_74a81e418f_cols26_files72.csv,DSJC250.9,dsatur,0,3,,,,,,,baseline,92,0.4074793308973312,baseline
/mnt/g/Nextcloud/FSU_Cloud/毕设/ILP-Algorithm-for-Graph-Colouring-Problem/results/_merged/merged_schema_74a81e418f_cols26_files72.csv,DSJC250.9,slo,0,3,,,,,,,baseline,96,0.0746945068240165,baseline
/mnt/g/Nextcloud/FSU_Cloud/毕设/ILP-Algorithm-for-Graph-Colouring-Problem/results/_merged/merged_schema_74a81e418f_cols26_files72.csv,DSJC250.9,iterlp2_full,0,3,smallest_last,prefix_shrink+rounded_support,0.25,5,4,1e-06,full,96,22.3386242762208,time_limit
/mnt/g/Nextcloud/FSU_Cloud/毕设/ILP-Algorithm-for-Graph-Colouring-Problem/results/_merged/merged_schema_74a81e418f_cols26_files72.csv,DSJC250.9,dsatur,0,3,,,,,,,baseline,92,0.406495913863182,baseline
/mnt/g/Nextcloud/FSU_Cloud/毕设/ILP-Algorithm-for-Graph-Colouring-Problem/results/_merged/merged_schema_74a81e418f_cols26_files72.csv,DSJC250.9,slo,0,3,,,,,,,baseline,96,0.0761527270078659,baseline
/mnt/g/Nextcloud/FSU_Cloud/毕设/ILP-Algorithm-for-Graph-Colouring-Problem/results/_merged/merged_schema_74a81e418f_cols26_files72.csv,DSJC250.9,iterlp2_full,0,3,smallest_last,prefix_shrink+rounded_support,0.25,5,4,1e-06,full,96,21.887541957199574,time_limit
/mnt/g/Nextcloud/FSU_Cloud/毕设/ILP-Algorithm-for-Graph-Colouring-Problem/results/_merged/merged_schema_74a81e418f_cols26_files72.csv,DSJC250.9,dsatur,0,3,,,,,,,baseline,92,0.7141140922904015,baseline
/mnt/g/Nextcloud/FSU_Cloud/毕设/ILP-Algorithm-for-Graph-Colouring-Problem/results/_merged/merged_schema_74a81e418f_cols26_files72.csv,DSJC250.9,slo,0,3,,,,,,,baseline,96,0.1302548721432685,baseline
/mnt/g/Nextcloud/FSU_Cloud/毕设/ILP-Algorithm-for-Graph-Colouring-Problem/results/_merged/merged_schema_74a81e418f_cols26_files72.csv,DSJC250.9,iterlp2_full,0,3,smallest_last,prefix_shrink+rounded_support,0.25,5,4,1e-06,full,96,38.75908762961626,time_limit
/mnt/g/Nextcloud/FSU_Cloud/毕设/ILP-Algorithm-for-Graph-Colouring-Problem/results/_merged/merged_schema_74a81e418f_cols26_files72.csv,DSJC250.9,dsatur,0,3,,,,,,,baseline,92,0.9095845445990562,baseline
/mnt/g/Nextcloud/FSU_Cloud/毕设/ILP-Algorithm-for-Graph-Colouring-Problem/results/_merged/merged_schema_74a81e418f_cols26_files72.csv,DSJC250.9,slo,0,3,,,,,,,baseline,96,0.1542760804295539,baseline
/mnt/g/Nextcloud/FSU_Cloud/毕设/ILP-Algorithm-for-Graph-Colouring-Problem/results/_merged/merged_schema_74a81e418f_cols26_files72.csv,DSJC250.9,iterlp2_full,0,3,smallest_last,prefix_shrink+rounded_support,0.25,5,4,1e-06,full,96,46.026148445904255,time_limit
/mnt/g/Nextcloud/FSU_Cloud/毕设/ILP-Algorithm-for-Graph-Colouring-Problem/results/_merged/merged_schema_74a81e418f_cols26_files72.csv,DSJC250.9,dsatur,0,3,,,,,,,baseline,92,0.8317125514149666,baseline
/mnt/g/Nextcloud/FSU_Cloud/毕设/ILP-Algorithm-for-Graph-Colouring-Problem/results/_merged/merged_schema_74a81e418f_cols26_files72.csv,DSJC250.9,slo,0,3,,,,,,,baseline,96,0.1516709327697754,baseline
/mnt/g/Nextcloud/FSU_Cloud/毕设/ILP-Algorithm-for-Graph-Colouring-Problem/results/_merged/merged_schema_74a81e418f_cols26_files72.csv,DSJC250.9,dsatur,1,3,,,,,,,baseline,92,0.4001375064253807,baseline
/mnt/g/Nextcloud/FSU_Cloud/毕设/ILP-Algorithm-for-Graph-Colouring-Problem/results/_merged/merged_schema_74a81e418f_cols26_files72.csv,DSJC250.9,slo,1,3,,,,,,,baseline,96,0.0735945552587509,baseline
/mnt/g/Nextcloud/FSU_Cloud/毕设/ILP-Algorithm-for-Graph-Colouring-Problem/results/_merged/merged_schema_74a81e418f_cols26_files72.csv,DSJC250.9,iterlp2_full,1,3,smallest_last,prefix_shrink+rounded_support,0.25,5,4,1e-06,full,96,21.931693255901337,time_limit
/mnt/g/Nextcloud/FSU_Cloud/毕设/ILP-Algorithm-for-Graph-Colouring-Problem/results/_merged/merged_schema_74a81e418f_cols26_files72.csv,DSJC250.9,dsatur,1,3,,,,,,,baseline,92,0.4016086235642433,baseline
/mnt/g/Nextcloud/FSU_Cloud/毕设/ILP-Algorithm-for-Graph-Colouring-Problem/results/_merged/merged_schema_74a81e418f_cols26_files72.csv,DSJC250.9,slo,1,3,,,,,,,baseline,96,0.0732748731970787,baseline
/mnt/g/Nextcloud/FSU_Cloud/毕设/ILP-Algorithm-for-Graph-Colouring-Problem/results/_merged/merged_schema_74a81e418f_cols26_files72.csv,DSJC250.9,iterlp2_full,1,3,smallest_last,prefix_shrink+rounded_support,0.25,5,4,1e-06,full,96,21.925106063485146,time_limit
/mnt/g/Nextcloud/FSU_Cloud/毕设/ILP-Algorithm-for-Graph-Colouring-Problem/results/_merged/merged_schema_74a81e418f_cols26_files72.csv,DSJC250.9,dsatur,1,3,,,,,,,baseline,92,0.9571335837244987,baseline
/mnt/g/Nextcloud/FSU_Cloud/毕设/ILP-Algorithm-for-Graph-Colouring-Problem/results/_merged/merged_schema_74a81e418f_cols26_files72.csv,DSJC250.9,slo,1,3,,,,,,,baseline,96,0.1769111007452011,baseline
/mnt/g/Nextcloud/FSU_Cloud/毕设/ILP-Algorithm-for-Graph-Colouring-Problem/results/_merged/merged_schema_74a81e418f_cols26_files72.csv,DSJC250.9,iterlp2_full,1,3,smallest_last,prefix_shrink+rounded_support,0.25,5,4,1e-06,full,96,48.99196898937225,time_limit
/mnt/g/Nextcloud/FSU_Cloud/毕设/ILP-Algorithm-for-Graph-Colouring-Problem/results/_merged/merged_schema_74a81e418f_cols26_files72.csv,DSJC250.9,dsatur,1,3,,,,,,,baseline,92,0.7190990298986435,baseline
/mnt/g/Nextcloud/FSU_Cloud/毕设/ILP-Algorithm-for-Graph-Colouring-Problem/results/_merged/merged_schema_74a81e418f_cols26_files72.csv,DSJC250.9,slo,1,3,,,,,,,baseline,96,0.1370338052511215,baseline
/mnt/g/Nextcloud/FSU_Cloud/毕设/ILP-Algorithm-for-Graph-Colouring-Problem/results/_merged/merged_schema_74a81e418f_cols26_files72.csv,DSJC250.9,iterlp2_full,1,3,smallest_last,prefix_shrink+rounded_support,0.25,5,4,1e-06,full,96,47.67212025821209,time_limit
/mnt/g/Nextcloud/FSU_Cloud/毕设/ILP-Algorithm-for-Graph-Colouring-Problem/results/_merged/merged_schema_74a81e418f_cols26_files72.csv,DSJC250.9,dsatur,1,3,,,,,,,baseline,92,0.7048228457570076,baseline
/mnt/g/Nextcloud/FSU_Cloud/毕设/ILP-Algorithm-for-Graph-Colouring-Problem/results/_merged/merged_schema_74a81e418f_cols26_files72.csv,DSJC250.9,slo,1,3,,,,,,,baseline,96,0.1322083920240402,baseline
/mnt/g/Nextcloud/FSU_Cloud/毕设/ILP-Algorithm-for-Graph-Colouring-Problem/results/_merged/merged_schema_74a81e418f_cols26_files72.csv,DSJC250.9,dsatur,2,3,,,,,,,baseline,92,0.4115478917956352,baseline
/mnt/g/Nextcloud/FSU_Cloud/毕设/ILP-Algorithm-for-Graph-Colouring-Problem/results/_merged/merged_schema_74a81e418f_cols26_files72.csv,DSJC250.9,slo,2,3,,,,,,,baseline,96,0.0746459662914276,baseline
/mnt/g/Nextcloud/FSU_Cloud/毕设/ILP-Algorithm-for-Graph-Colouring-Problem/results/_merged/merged_schema_74a81e418f_cols26_files72.csv,DSJC250.9,iterlp2_full,2,3,smallest_last,prefix_shrink+rounded_support,0.25,5,4,1e-06,full,96,22.107715293765068,time_limit
/mnt/g/Nextcloud/FSU_Cloud/毕设/ILP-Algorithm-for-Graph-Colouring-Problem/results/_merged/merged_schema_74a81e418f_cols26_files72.csv,DSJC250.9,dsatur,2,3,,,,,,,baseline,92,0.4682327210903168,baseline
/mnt/g/Nextcloud/FSU_Cloud/毕设/ILP-Algorithm-for-Graph-Colouring-Problem/results/_merged/merged_schema_74a81e418f_cols26_files72.csv,DSJC250.9,slo,2,3,,,,,,,baseline,96,0.0849949717521667,baseline
/mnt/g/Nextcloud/FSU_Cloud/毕设/ILP-Algorithm-for-Graph-Colouring-Problem/results/_merged/merged_schema_74a81e418f_cols26_files72.csv,DSJC250.9,iterlp2_full,2,3,smallest_last,prefix_shrink+rounded_support,0.25,5,4,1e-06,full,96,22.405922047793865,time_limit
/mnt/g/Nextcloud/FSU_Cloud/毕设/ILP-Algorithm-for-Graph-Colouring-Problem/results/_merged/merged_schema_74a81e418f_cols26_files72.csv,DSJC250.9,dsatur,2,3,,,,,,,baseline,92,0.7275510504841805,baseline
/mnt/g/Nextcloud/FSU_Cloud/毕设/ILP-Algorithm-for-Graph-Colouring-Problem/results/_merged/merged_schema_74a81e418f_cols26_files72.csv,DSJC250.9,slo,2,3,,,,,,,baseline,96,0.1270395368337631,baseline
/mnt/g/Nextcloud/FSU_Cloud/毕设/ILP-Algorithm-for-Graph-Colouring-Problem/results/_merged/merged_schema_74a81e418f_cols26_files72.csv,DSJC250.9,iterlp2_full,2,3,smallest_last,prefix_shrink+rounded_support,0.25,5,4,1e-06,full,96,34.12970831990242,time_limit
/mnt/g/Nextcloud/FSU_Cloud/毕设/ILP-Algorithm-for-Graph-Colouring-Problem/results/_merged/merged_schema_74a81e418f_cols26_files72.csv,DSJC250.9,dsatur,2,3,,,,,,,baseline,92,0.9208080545067788,baseline
/mnt/g/Nextcloud/FSU_Cloud/毕设/ILP-Algorithm-for-Graph-Colouring-Problem/results/_merged/merged_schema_74a81e418f_cols26_files72.csv,DSJC250.9,slo,2,3,,,,,,,baseline,96,0.1599038690328598,baseline
/mnt/g/Nextcloud/FSU_Cloud/毕设/ILP-Algorithm-for-Graph-Colouring-Problem/results/_merged/merged_schema_74a81e418f_cols26_files72.csv,DSJC250.9,iterlp2_full,2,3,smallest_last,prefix_shrink+rounded_support,0.25,5,4,1e-06,full,96,41.52022827416658,time_limit
/mnt/g/Nextcloud/FSU_Cloud/毕设/ILP-Algorithm-for-Graph-Colouring-Problem/results/_merged/merged_schema_74a81e418f_cols26_files72.csv,DSJC250.9,dsatur,2,3,,,,,,,baseline,92,0.8482170030474663,baseline
/mnt/g/Nextcloud/FSU_Cloud/毕设/ILP-Algorithm-for-Graph-Colouring-Problem/results/_merged/merged_schema_74a81e418f_cols26_files72.csv,DSJC250.9,slo,2,3,,,,,,,baseline,96,0.1499584391713142,baseline
/mnt/g/Nextcloud/FSU_Cloud/毕设/ILP-Algorithm-for-Graph-Colouring-Problem/results/_merged/merged_schema_74a81e418f_cols26_files72.csv,DSJC250.9,dsatur,3,3,,,,,,,baseline,92,0.9773809537291528,baseline
/mnt/g/Nextcloud/FSU_Cloud/毕设/ILP-Algorithm-for-Graph-Colouring-Problem/results/_merged/merged_schema_74a81e418f_cols26_files72.csv,DSJC250.9,slo,3,3,,,,,,,baseline,96,0.1741973012685775,baseline
/mnt/g/Nextcloud/FSU_Cloud/毕设/ILP-Algorithm-for-Graph-Colouring-Problem/results/_merged/merged_schema_74a81e418f_cols26_files72.csv,DSJC250.9,iterlp2_full,3,3,smallest_last,prefix_shrink+rounded_support,0.25,5,4,1e-06,full,96,42.3479518443346,time_limit
/mnt/g/Nextcloud/FSU_Cloud/毕设/ILP-Algorithm-for-Graph-Colouring-Problem/results/_merged/merged_schema_74a81e418f_cols26_files72.csv,DSJC250.9,dsatur,3,3,,,,,,,baseline,92,0.7332735061645508,baseline
/mnt/g/Nextcloud/FSU_Cloud/毕设/ILP-Algorithm-for-Graph-Colouring-Problem/results/_merged/merged_schema_74a81e418f_cols26_files72.csv,DSJC250.9,slo,3,3,,,,,,,baseline,96,0.1327713057398796,baseline
/mnt/g/Nextcloud/FSU_Cloud/毕设/ILP-Algorithm-for-Graph-Colouring-Problem/results/_merged/merged_schema_74a81e418f_cols26_files72.csv,DSJC250.9,iterlp2_full,3,3,smallest_last,prefix_shrink+rounded_support,0.25,5,4,1e-06,full,96,33.308543153107166,time_limit
/mnt/g/Nextcloud/FSU_Cloud/毕设/ILP-Algorithm-for-Graph-Colouring-Problem/results/_merged/merged_schema_74a81e418f_cols26_files72.csv,DSJC250.9,dsatur,3,3,,,,,,,baseline,92,0.7141363993287086,baseline
/mnt/g/Nextcloud/FSU_Cloud/毕设/ILP-Algorithm-for-Graph-Colouring-Problem/results/_merged/merged_schema_74a81e418f_cols26_files72.csv,DSJC250.9,slo,3,3,,,,,,,baseline,96,0.1282224655151367,baseline
/mnt/g/Nextcloud/FSU_Cloud/毕设/ILP-Algorithm-for-Graph-Colouring-Problem/results/_merged/merged_schema_74a81e418f_cols26_files72.csv,DSJC250.9,dsatur,4,3,,,,,,,baseline,92,0.4151023551821708,baseline
/mnt/g/Nextcloud/FSU_Cloud/毕设/ILP-Algorithm-for-Graph-Colouring-Problem/results/_merged/merged_schema_74a81e418f_cols26_files72.csv,DSJC250.9,slo,4,3,,,,,,,baseline,96,0.0731210112571716,baseline
/mnt/g/Nextcloud/FSU_Cloud/毕设/ILP-Algorithm-for-Graph-Colouring-Problem/results/_merged/merged_schema_74a81e418f_cols26_files72.csv,DSJC250.9,iterlp2_full,4,3,smallest_last,prefix_shrink+rounded_support,0.25,5,4,1e-06,full,96,22.1133933365345,time_limit
/mnt/g/Nextcloud/FSU_Cloud/毕设/ILP-Algorithm-for-Graph-Colouring-Problem/results/_merged/merged_schema_74a81e418f_cols26_files72.csv,DSJC250.9,dsatur,4,3,,,,,,,baseline,92,0.7285316437482834,baseline
/mnt/g/Nextcloud/FSU_Cloud/毕设/ILP-Algorithm-for-Graph-Colouring-Problem/results/_merged/merged_schema_74a81e418f_cols26_files72.csv,DSJC250.9,slo,4,3,,,,,,,baseline,96,0.1290251314640045,baseline
/mnt/g/Nextcloud/FSU_Cloud/毕设/ILP-Algorithm-for-Graph-Colouring-Problem/results/_merged/merged_schema_74a81e418f_cols26_files72.csv,DSJC250.9,iterlp2_full,4,3,smallest_last,prefix_shrink+rounded_support,0.25,5,4,1e-06,full,96,34.028860323131084,time_limit
/mnt/g/Nextcloud/FSU_Cloud/毕设/ILP-Algorithm-for-Graph-Colouring-Problem/results/_merged/merged_schema_74a81e418f_cols26_files72.csv,DSJC250.9,dsatur,4,3,,,,,,,baseline,92,0.9197630435228348,baseline
/mnt/g/Nextcloud/FSU_Cloud/毕设/ILP-Algorithm-for-Graph-Colouring-Problem/results/_merged/merged_schema_74a81e418f_cols26_files72.csv,DSJC250.9,slo,4,3,,,,,,,baseline,96,0.1528786793351173,baseline
/mnt/g/Nextcloud/FSU_Cloud/毕设/ILP-Algorithm-for-Graph-Colouring-Problem/results/_merged/merged_schema_74a81e418f_cols26_files72.csv,DSJC250.9,iterlp2_full,4,3,smallest_last,prefix_shrink+rounded_support,0.25,5,4,1e-06,full,96,41.538289092481136,time_limit
/mnt/g/Nextcloud/FSU_Cloud/毕设/ILP-Algorithm-for-Graph-Colouring-Problem/results/_merged/merged_schema_74a81e418f_cols26_files72.csv,DSJC250.9,dsatur,4,3,,,,,,,baseline,92,0.8446557372808456,baseline
/mnt/g/Nextcloud/FSU_Cloud/毕设/ILP-Algorithm-for-Graph-Colouring-Problem/results/_merged/merged_schema_74a81e418f_cols26_files72.csv,DSJC250.9,slo,4,3,,,,,,,baseline,96,0.1497794464230537,baseline
/mnt/g/Nextcloud/FSU_Cloud/毕设/ILP-Algorithm-for-Graph-Colouring-Problem/results/_merged/merged_schema_74a81e418f_cols26_files72.csv,DSJC500.9,dsatur,0,3,,,,,,,baseline,170,3.2455504164099693,baseline
/mnt/g/Nextcloud/FSU_Cloud/毕设/ILP-Algorithm-for-Graph-Colouring-Problem/results/_merged/merged_schema_74a81e418f_cols26_files72.csv,DSJC500.9,slo,0,3,,,,,,,baseline,172,0.3255853876471519,baseline
/mnt/g/Nextcloud/FSU_Cloud/毕设/ILP-Algorithm-for-Graph-Colouring-Problem/results/_merged/merged_schema_74a81e418f_cols26_files72.csv,DSJC500.9,iterlp2_full,0,3,smallest_last,prefix_shrink+rounded_support,0.25,5,4,1e-06,full,172,147.05901416391134,time_limit
/mnt/g/Nextcloud/FSU_Cloud/毕设/ILP-Algorithm-for-Graph-Colouring-Problem/results/_merged/merged_schema_74a81e418f_cols26_files72.csv,DSJC500.9,dsatur,0,3,,,,,,,baseline,170,8.645105049014091,baseline
/mnt/g/Nextcloud/FSU_Cloud/毕设/ILP-Algorithm-for-Graph-Colouring-Problem/results/_merged/merged_schema_74a81e418f_cols26_files72.csv,DSJC500.9,slo,0,3,,,,,,,baseline,172,0.6972326263785362,baseline
/mnt/g/Nextcloud/FSU_Cloud/毕设/ILP-Algorithm-for-Graph-Colouring-Problem/results/_merged/merged_schema_74a81e418f_cols26_files72.csv,DSJC500.9,iterlp2_full,0,3,smallest_last,prefix_shrink+rounded_support,0.25,5,4,1e-06,full,172,640.7693773210049,time_limit
/mnt/g/Nextcloud/FSU_Cloud/毕设/ILP-Algorithm-for-Graph-Colouring-Problem/results/_merged/merged_schema_74a81e418f_cols26_files72.csv,DSJC500.9,dsatur,0,3,,,,,,,baseline,170,6.53374096006155,baseline
/mnt/g/Nextcloud/FSU_Cloud/毕设/ILP-Algorithm-for-Graph-Colouring-Problem/results/_merged/merged_schema_74a81e418f_cols26_files72.csv,DSJC500.9,slo,0,3,,,,,,,baseline,172,0.5405330583453178,baseline
/mnt/g/Nextcloud/FSU_Cloud/毕设/ILP-Algorithm-for-Graph-Colouring-Problem/results/_merged/merged_schema_74a81e418f_cols26_files72.csv,DSJC500.9,iterlp2_full,0,3,smallest_last,prefix_shrink+rounded_support,0.25,5,4,1e-06,full,172,257.1808582767844,time_limit
/mnt/g/Nextcloud/FSU_Cloud/毕设/ILP-Algorithm-for-Graph-Colouring-Problem/results/_merged/merged_schema_74a81e418f_cols26_files72.csv,DSJC500.9,dsatur,0,3,,,,,,,baseline,170,6.113319709897041,baseline
/mnt/g/Nextcloud/FSU_Cloud/毕设/ILP-Algorithm-for-Graph-Colouring-Problem/results/_merged/merged_schema_74a81e418f_cols26_files72.csv,DSJC500.9,slo,0,3,,,,,,,baseline,172,0.5352531969547272,baseline
/mnt/g/Nextcloud/FSU_Cloud/毕设/ILP-Algorithm-for-Graph-Colouring-Problem/results/_merged/merged_schema_74a81e418f_cols26_files72.csv,DSJC500.9,dsatur,1,3,,,,,,,baseline,170,3.277980200946331,baseline
/mnt/g/Nextcloud/FSU_Cloud/毕设/ILP-Algorithm-for-Graph-Colouring-Problem/results/_merged/merged_schema_74a81e418f_cols26_files72.csv,DSJC500.9,slo,1,3,,,,,,,baseline,172,0.3286987841129303,baseline
/mnt/g/Nextcloud/FSU_Cloud/毕设/ILP-Algorithm-for-Graph-Colouring-Problem/results/_merged/merged_schema_74a81e418f_cols26_files72.csv,DSJC500.9,iterlp2_full,1,3,smallest_last,prefix_shrink+rounded_support,0.25,5,4,1e-06,full,172,145.85353273898363,time_limit
/mnt/g/Nextcloud/FSU_Cloud/毕设/ILP-Algorithm-for-Graph-Colouring-Problem/results/_merged/merged_schema_74a81e418f_cols26_files72.csv,DSJC500.9,dsatur,1,3,,,,,,,baseline,170,2.964271552860737,baseline
/mnt/g/Nextcloud/FSU_Cloud/毕设/ILP-Algorithm-for-Graph-Colouring-Problem/results/_merged/merged_schema_74a81e418f_cols26_files72.csv,DSJC500.9,slo,1,3,,,,,,,baseline,172,0.300243929028511,baseline
/mnt/g/Nextcloud/FSU_Cloud/毕设/ILP-Algorithm-for-Graph-Colouring-Problem/results/_merged/merged_schema_74a81e418f_cols26_files72.csv,DSJC500.9,iterlp2_full,1,3,smallest_last,prefix_shrink+rounded_support,0.25,5,4,1e-06,full,172,131.17475998401642,time_limit
/mnt/g/Nextcloud/FSU_Cloud/毕设/ILP-Algorithm-for-Graph-Colouring-Problem/results/_merged/merged_schema_74a81e418f_cols26_files72.csv,DSJC500.9,dsatur,1,3,,,,,,,baseline,170,3.496051140129566,baseline
/mnt/g/Nextcloud/FSU_Cloud/毕设/ILP-Algorithm-for-Graph-Colouring-Problem/results/_merged/merged_schema_74a81e418f_cols26_files72.csv,DSJC500.9,slo,1,3,,,,,,,baseline,172,0.3477877676486969,baseline
/mnt/g/Nextcloud/FSU_Cloud/毕设/ILP-Algorithm-for-Graph-Colouring-Problem/results/_merged/merged_schema_74a81e418f_cols26_files72.csv,DSJC500.9,dsatur,2,3,,,,,,,baseline,170,8.797119438648224,baseline
/mnt/g/Nextcloud/FSU_Cloud/毕设/ILP-Algorithm-for-Graph-Colouring-Problem/results/_merged/merged_schema_74a81e418f_cols26_files72.csv,DSJC500.9,slo,2,3,,,,,,,baseline,172,0.7019914835691452,baseline
/mnt/g/Nextcloud/FSU_Cloud/毕设/ILP-Algorithm-for-Graph-Colouring-Problem/results/_merged/merged_schema_74a81e418f_cols26_files72.csv,DSJC500.9,iterlp2_full,2,3,smallest_last,prefix_shrink+rounded_support,0.25,5,4,1e-06,full,172,656.4645229652524,time_limit
/mnt/g/Nextcloud/FSU_Cloud/毕设/ILP-Algorithm-for-Graph-Colouring-Problem/results/_merged/merged_schema_74a81e418f_cols26_files72.csv,DSJC500.9,dsatur,2,3,,,,,,,baseline,170,6.619724981486797,baseline
/mnt/g/Nextcloud/FSU_Cloud/毕设/ILP-Algorithm-for-Graph-Colouring-Problem/results/_merged/merged_schema_74a81e418f_cols26_files72.csv,DSJC500.9,slo,2,3,,,,,,,baseline,172,0.5407880544662476,baseline
/mnt/g/Nextcloud/FSU_Cloud/毕设/ILP-Algorithm-for-Graph-Colouring-Problem/results/_merged/merged_schema_74a81e418f_cols26_files72.csv,DSJC500.9,iterlp2_full,2,3,smallest_last,prefix_shrink+rounded_support,0.25,5,4,1e-06,full,172,253.1617638990283,time_limit
/mnt/g/Nextcloud/FSU_Cloud/毕设/ILP-Algorithm-for-Graph-Colouring-Problem/results/_merged/merged_schema_74a81e418f_cols26_files72.csv,DSJC500.9,dsatur,2,3,,,,,,,baseline,170,6.079895779490471,baseline
/mnt/g/Nextcloud/FSU_Cloud/毕设/ILP-Algorithm-for-Graph-Colouring-Problem/results/_merged/merged_schema_74a81e418f_cols26_files72.csv,DSJC500.9,slo,2,3,,,,,,,baseline,172,0.5357018038630486,baseline
/mnt/g/Nextcloud/FSU_Cloud/毕设/ILP-Algorithm-for-Graph-Colouring-Problem/results/_merged/merged_schema_74a81e418f_cols26_files72.csv,DSJC500.9,dsatur,3,3,,,,,,,baseline,170,8.35310347378254,baseline
/mnt/g/Nextcloud/FSU_Cloud/毕设/ILP-Algorithm-for-Graph-Colouring-Problem/results/_merged/merged_schema_74a81e418f_cols26_files72.csv,DSJC500.9,slo,3,3,,,,,,,baseline,172,0.7144878059625626,baseline
/mnt/g/Nextcloud/FSU_Cloud/毕设/ILP-Algorithm-for-Graph-Colouring-Problem/results/_merged/merged_schema_74a81e418f_cols26_files72.csv,DSJC500.9,dsatur,3,3,,,,,,,baseline,170,5.594169706106186,baseline
/mnt/g/Nextcloud/FSU_Cloud/毕设/ILP-Algorithm-for-Graph-Colouring-Problem/results/_merged/merged_schema_74a81e418f_cols26_files72.csv,DSJC500.9,slo,3,3,,,,,,,baseline,172,0.4947590157389641,baseline
/mnt/g/Nextcloud/FSU_Cloud/毕设/ILP-Algorithm-for-Graph-Colouring-Problem/results/_merged/merged_schema_74a81e418f_cols26_files72.csv,DSJC500.9,dsatur,4,3,,,,,,,baseline,170,5.848156400024891,baseline
/mnt/g/Nextcloud/FSU_Cloud/毕设/ILP-Algorithm-for-Graph-Colouring-Problem/results/_merged/merged_schema_74a81e418f_cols26_files72.csv,DSJC500.9,slo,4,3,,,,,,,baseline,172,0.5354887172579765,baseline
/mnt/g/Nextcloud/FSU_Cloud/毕设/ILP-Algorithm-for-Graph-Colouring-Problem/results/_merged/merged_schema_74a81e418f_cols26_files72.csv,DSJC500.9,iterlp2_full,4,3,smallest_last,prefix_shrink+rounded_support,0.25,5,4,1e-06,full,172,146.98893705755472,time_limit
/mnt/g/Nextcloud/FSU_Cloud/毕设/ILP-Algorithm-for-Graph-Colouring-Problem/results/_merged/merged_schema_74a81e418f_cols26_files72.csv,DSJC500.9,dsatur,4,3,,,,,,,baseline,170,7.553655661642551,baseline
/mnt/g/Nextcloud/FSU_Cloud/毕设/ILP-Algorithm-for-Graph-Colouring-Problem/results/_merged/merged_schema_74a81e418f_cols26_files72.csv,DSJC500.9,slo,4,3,,,,,,,baseline,172,0.6970494985580444,baseline
/mnt/g/Nextcloud/FSU_Cloud/毕设/ILP-Algorithm-for-Graph-Colouring-Problem/results/_merged/merged_schema_74a81e418f_cols26_files72.csv,DSJC500.9,iterlp2_full,4,3,smallest_last,prefix_shrink+rounded_support,0.25,5,4,1e-06,full,172,185.8368085026741,time_limit
/mnt/g/Nextcloud/FSU_Cloud/毕设/ILP-Algorithm-for-Graph-Colouring-Problem/results/_merged/merged_schema_74a81e418f_cols26_files72.csv,DSJC500.9,dsatur,4,3,,,,,,,baseline,170,7.025329984724522,baseline
/mnt/g/Nextcloud/FSU_Cloud/毕设/ILP-Algorithm-for-Graph-Colouring-Problem/results/_merged/merged_schema_74a81e418f_cols26_files72.csv,DSJC500.9,slo,4,3,,,,,,,baseline,172,0.625935897231102,baseline
/mnt/g/Nextcloud/FSU_Cloud/毕设/ILP-Algorithm-for-Graph-Colouring-Problem/results/_merged/merged_schema_74a81e418f_cols26_files72.csv,myciel3,dsatur,0,5,,,,,,,baseline,4,0.0004314482212066,baseline
/mnt/g/Nextcloud/FSU_Cloud/毕设/ILP-Algorithm-for-Graph-Colouring-Problem/results/_merged/merged_schema_74a81e418f_cols26_files72.csv,myciel3,slo,0,5,,,,,,,baseline,4,0.0002257898449897,baseline
/mnt/g/Nextcloud/FSU_Cloud/毕设/ILP-Algorithm-for-Graph-Colouring-Problem/results/_merged/merged_schema_74a81e418f_cols26_files72.csv,myciel3,iterlp2_full,0,5,smallest_last,prefix_shrink+rounded_support,0.25,5,1,1e-06,full,4,1.7656408473849297,stalled_at_K_eq_ceil_zLP
/mnt/g/Nextcloud/FSU_Cloud/毕设/ILP-Algorithm-for-Graph-Colouring-Problem/results/_merged/merged_schema_74a81e418f_cols26_files72.csv,myciel4,dsatur,0,5,,,,,,,baseline,5,0.0006969422101974,baseline
/mnt/g/Nextcloud/FSU_Cloud/毕设/ILP-Algorithm-for-Graph-Colouring-Problem/results/_merged/merged_schema_74a81e418f_cols26_files72.csv,myciel4,slo,0,5,,,,,,,baseline,5,0.0004211887717247,baseline
/mnt/g/Nextcloud/FSU_Cloud/毕设/ILP-Algorithm-for-Graph-Colouring-Problem/results/_merged/merged_schema_74a81e418f_cols26_files72.csv,myciel4,iterlp2_full,0,5,smallest_last,prefix_shrink+rounded_support,0.25,5,1,1e-06,full,5,5.197818785905838,time_limit
/mnt/g/Nextcloud/FSU_Cloud/毕设/ILP-Algorithm-for-Graph-Colouring-Problem/results/_merged/merged_schema_74a81e418f_cols26_files72.csv,myciel5,dsatur,0,5,,,,,,,baseline,6,0.0023982897400856,baseline
/mnt/g/Nextcloud/FSU_Cloud/毕设/ILP-Algorithm-for-Graph-Colouring-Problem/results/_merged/merged_schema_74a81e418f_cols26_files72.csv,myciel5,slo,0,5,,,,,,,baseline,6,0.0010632872581481,baseline
/mnt/g/Nextcloud/FSU_Cloud/毕设/ILP-Algorithm-for-Graph-Colouring-Problem/results/_merged/merged_schema_74a81e418f_cols26_files72.csv,myciel5,iterlp2_full,0,5,smallest_last,prefix_shrink+rounded_support,0.25,5,1,1e-06,full,6,5.169135570526123,time_limit
/mnt/g/Nextcloud/FSU_Cloud/毕设/ILP-Algorithm-for-Graph-Colouring-Problem/results/_merged/merged_schema_74a81e418f_cols26_files72.csv,myciel3,dsatur,0,5,,,,,,,baseline,4,0.0003912299871444,baseline
/mnt/g/Nextcloud/FSU_Cloud/毕设/ILP-Algorithm-for-Graph-Colouring-Problem/results/_merged/merged_schema_74a81e418f_cols26_files72.csv,myciel3,slo,0,5,,,,,,,baseline,4,0.000241108238697,baseline
/mnt/g/Nextcloud/FSU_Cloud/毕设/ILP-Algorithm-for-Graph-Colouring-Problem/results/_merged/merged_schema_74a81e418f_cols26_files72.csv,myciel3,iterlp2_full,0,5,smallest_last,prefix_shrink+rounded_support,0.25,5,1,1e-06,full,4,0.0611556023359298,stalled_at_K_eq_ceil_zLP
/mnt/g/Nextcloud/FSU_Cloud/毕设/ILP-Algorithm-for-Graph-Colouring-Problem/results/_merged/merged_schema_74a81e418f_cols26_files72.csv,myciel4,dsatur,0,5,,,,,,,baseline,5,0.0005530416965484,baseline
/mnt/g/Nextcloud/FSU_Cloud/毕设/ILP-Algorithm-for-Graph-Colouring-Problem/results/_merged/merged_schema_74a81e418f_cols26_files72.csv,myciel4,slo,0,5,,,,,,,baseline,5,0.0004099830985069,baseline
/mnt/g/Nextcloud/FSU_Cloud/毕设/ILP-Algorithm-for-Graph-Colouring-Problem/results/_merged/merged_schema_74a81e418f_cols26_files72.csv,myciel4,iterlp2_full,0,5,smallest_last,prefix_shrink+rounded_support,0.25,5,1,1e-06,full,5,5.01686068624258,time_limit
/mnt/g/Nextcloud/FSU_Cloud/毕设/ILP-Algorithm-for-Graph-Colouring-Problem/results/_merged/merged_schema_74a81e418f_cols26_files72.csv,myciel5,dsatur,0,5,,,,,,,baseline,6,0.0022761523723602,baseline
/mnt/g/Nextcloud/FSU_Cloud/毕设/ILP-Algorithm-for-Graph-Colouring-Problem/results/_merged/merged_schema_74a81e418f_cols26_files72.csv,myciel5,slo,0,5,,,,,,,baseline,6,0.0010311678051948,baseline
/mnt/g/Nextcloud/FSU_Cloud/毕设/ILP-Algorithm-for-Graph-Colouring-Problem/results/_merged/merged_schema_74a81e418f_cols26_files72.csv,myciel5,iterlp2_full,0,5,smallest_last,prefix_shrink+rounded_support,0.25,5,1,1e-06,full,6,5.0146296843886375,time_limit
/mnt/g/Nextcloud/FSU_Cloud/毕设/ILP-Algorithm-for-Graph-Colouring-Problem/results/_merged/merged_schema_74a81e418f_cols26_files72.csv,myciel3,dsatur,0,300,,,,,,,baseline,4,0.0004487999999582,baseline
/mnt/g/Nextcloud/FSU_Cloud/毕设/ILP-Algorithm-for-Graph-Colouring-Problem/results/_merged/merged_schema_74a81e418f_cols26_files72.csv,myciel3,slo,0,300,,,,,,,baseline,4,0.0002182000002903,baseline
/mnt/g/Nextcloud/FSU_Cloud/毕设/ILP-Algorithm-for-Graph-Colouring-Problem/results/_merged/merged_schema_74a81e418f_cols26_files72.csv,myciel3,iterlp2_full,0,300,smallest_last,prefix_shrink+rounded_support,0.25,10,4,1e-06,full,4,2.1456703379999453,stalled_at_K_eq_ceil_zLP
/mnt/g/Nextcloud/FSU_Cloud/毕设/ILP-Algorithm-for-Graph-Colouring-Problem/results/_merged/merged_schema_74a81e418f_cols26_files72.csv,myciel4,dsatur,0,300,,,,,,,baseline,5,0.0004681000000346,baseline
/mnt/g/Nextcloud/FSU_Cloud/毕设/ILP-Algorithm-for-Graph-Colouring-Problem/results/_merged/merged_schema_74a81e418f_cols26_files72.csv,myciel4,slo,0,300,,,,,,,baseline,5,0.0003509999996822,baseline
/mnt/g/Nextcloud/FSU_Cloud/毕设/ILP-Algorithm-for-Graph-Colouring-Problem/results/_merged/merged_schema_74a81e418f_cols26_files72.csv,myciel4,iterlp2_full,0,300,smallest_last,prefix_shrink+rounded_support,0.25,10,4,1e-06,full,5,300.16667393199987,time_limit
/mnt/g/Nextcloud/FSU_Cloud/毕设/ILP-Algorithm-for-Graph-Colouring-Problem/results/_merged/merged_schema_74a81e418f_cols26_files72.csv,myciel5,dsatur,0,300,,,,,,,baseline,6,0.0017864999999801,baseline
/mnt/g/Nextcloud/FSU_Cloud/毕设/ILP-Algorithm-for-Graph-Colouring-Problem/results/_merged/merged_schema_74a81e418f_cols26_files72.csv,myciel5,slo,0,300,,,,,,,baseline,6,0.0007120000000213,baseline
/mnt/g/Nextcloud/FSU_Cloud/毕设/ILP-Algorithm-for-Graph-Colouring-Problem/results/_merged/merged_schema_74a81e418f_cols26_files72.csv,myciel5,iterlp2_full,0,300,smallest_last,prefix_shrink+rounded_support,0.25,10,4,1e-06,full,6,300.3028456449997,time_limit
/mnt/g/Nextcloud/FSU_Cloud/毕设/ILP-Algorithm-for-Graph-Colouring-Problem/results/_merged/merged_schema_74a81e418f_cols26_files72.csv,myciel6,dsatur,0,300,,,,,,,baseline,7,0.0084844000002703,baseline
/mnt/g/Nextcloud/FSU_Cloud/毕设/ILP-Algorithm-for-Graph-Colouring-Problem/results/_merged/merged_schema_74a81e418f_cols26_files72.csv,myciel6,slo,0,300,,,,,,,baseline,7,0.0021176999998715,baseline
/mnt/g/Nextcloud/FSU_Cloud/毕设/ILP-Algorithm-for-Graph-Colouring-Problem/results/_merged/merged_schema_74a81e418f_cols26_files72.csv,myciel6,iterlp2_full,0,300,smallest_last,prefix_shrink+rounded_support,0.25,10,4,1e-06,full,7,300.5218157070003,time_limit
/mnt/g/Nextcloud/FSU_Cloud/毕设/ILP-Algorithm-for-Graph-Colouring-Problem/results/_merged/merged_schema_74a81e418f_cols26_files72.csv,myciel7,dsatur,0,300,,,,,,,baseline,8,0.0423924990000159,baseline
/mnt/g/Nextcloud/FSU_Cloud/毕设/ILP-Algorithm-for-Graph-Colouring-Problem/results/_merged/merged_schema_74a81e418f_cols26_files72.csv,myciel7,slo,0,300,,,,,,,baseline,8,0.0054570000002058,baseline
/mnt/g/Nextcloud/FSU_Cloud/毕设/ILP-Algorithm-for-Graph-Colouring-Problem/results/_merged/merged_schema_74a81e418f_cols26_files72.csv,myciel7,iterlp2_full,0,300,smallest_last,prefix_shrink+rounded_support,0.25,10,4,1e-06,full,8,302.0608118549999,time_limit
/mnt/g/Nextcloud/FSU_Cloud/毕设/ILP-Algorithm-for-Graph-Colouring-Problem/results/_merged/merged_schema_74a81e418f_cols26_files72.csv,fpsol2.i.1,dsatur,0,6000,,,,,,,baseline,65,0.5269522741436958,baseline
/mnt/g/Nextcloud/FSU_Cloud/毕设/ILP-Algorithm-for-Graph-Colouring-Problem/results/_merged/merged_schema_74a81e418f_cols26_files72.csv,fpsol2.i.1,dsatur,1,6000,,,,,,,baseline,65,0.5249462723731995,baseline
/mnt/g/Nextcloud/FSU_Cloud/毕设/ILP-Algorithm-for-Graph-Colouring-Problem/results/_merged/merged_schema_74a81e418f_cols26_files72.csv,fpsol2.i.1,dsatur,2,6000,,,,,,,baseline,65,0.5271767303347588,baseline
/mnt/g/Nextcloud/FSU_Cloud/毕设/ILP-Algorithm-for-Graph-Colouring-Problem/results/_merged/merged_schema_74a81e418f_cols26_files72.csv,fpsol2.i.1,slo,0,6000,,,,,,,baseline,65,0.0282366350293159,baseline
/mnt/g/Nextcloud/FSU_Cloud/毕设/ILP-Algorithm-for-Graph-Colouring-Problem/results/_merged/merged_schema_74a81e418f_cols26_files72.csv,fpsol2.i.1,slo,1,6000,,,,,,,baseline,65,0.0277323499321937,baseline
/mnt/g/Nextcloud/FSU_Cloud/毕设/ILP-Algorithm-for-Graph-Colouring-Problem/results/_merged/merged_schema_74a81e418f_cols26_files72.csv,fpsol2.i.1,slo,2,6000,,,,,,,baseline,65,0.0272706001996994,baseline
/mnt/g/Nextcloud/FSU_Cloud/毕设/ILP-Algorithm-for-Graph-Colouring-Problem/results/_merged/merged_schema_74a81e418f_cols26_files72.csv,fpsol2.i.1,iterlp2_full,0,6000,smallest_last,prefix_shrink+rounded_support,0.25,30,32,1e-06,full,65,6114.099357716739,time_limit
/mnt/g/Nextcloud/FSU_Cloud/毕设/ILP-Algorithm-for-Graph-Colouring-Problem/results/_merged/merged_schema_74a81e418f_cols26_files72.csv,fpsol2.i.1,iterlp2_full,1,6000,smallest_last,prefix_shrink+rounded_support,0.25,30,32,1e-06,full,65,6148.760307528079,time_limit
/mnt/g/Nextcloud/FSU_Cloud/毕设/ILP-Algorithm-for-Graph-Colouring-Problem/results/_merged/merged_schema_74a81e418f_cols26_files72.csv,fpsol2.i.1,iterlp2_full,2,6000,smallest_last,prefix_shrink+rounded_support,0.25,30,32,1e-06,full,65,6133.800585106015,time_limit
/mnt/g/Nextcloud/FSU_Cloud/毕设/ILP-Algorithm-for-Graph-Colouring-Problem/results/_merged/merged_schema_74a81e418f_cols26_files72.csv,inithx.i.1,dsatur,0,6000,,,,,,,baseline,54,1.5194549262523651,baseline
/mnt/g/Nextcloud/FSU_Cloud/毕设/ILP-Algorithm-for-Graph-Colouring-Problem/results/_merged/merged_schema_74a81e418f_cols26_files72.csv,inithx.i.1,dsatur,1,6000,,,,,,,baseline,54,1.5102141052484512,baseline
/mnt/g/Nextcloud/FSU_Cloud/毕设/ILP-Algorithm-for-Graph-Colouring-Problem/results/_merged/merged_schema_74a81e418f_cols26_files72.csv,inithx.i.1,dsatur,2,6000,,,,,,,baseline,54,1.5178156942129135,baseline
/mnt/g/Nextcloud/FSU_Cloud/毕设/ILP-Algorithm-for-Graph-Colouring-Problem/results/_merged/merged_schema_74a81e418f_cols26_files72.csv,inithx.i.1,slo,0,6000,,,,,,,baseline,54,0.0497298464179039,baseline
/mnt/g/Nextcloud/FSU_Cloud/毕设/ILP-Algorithm-for-Graph-Colouring-Problem/results/_merged/merged_schema_74a81e418f_cols26_files72.csv,inithx.i.1,slo,1,6000,,,,,,,baseline,54,0.0475087761878967,baseline
/mnt/g/Nextcloud/FSU_Cloud/毕设/ILP-Algorithm-for-Graph-Colouring-Problem/results/_merged/merged_schema_74a81e418f_cols26_files72.csv,inithx.i.1,slo,2,6000,,,,,,,baseline,54,0.0518221408128738,baseline
/mnt/g/Nextcloud/FSU_Cloud/毕设/ILP-Algorithm-for-Graph-Colouring-Problem/results/_merged/merged_schema_74a81e418f_cols26_files72.csv,inithx.i.1,iterlp2_full,0,6000,smallest_last,prefix_shrink+rounded_support,0.25,30,32,1e-06,full,54,7137.239753067493,time_limit
/mnt/g/Nextcloud/FSU_Cloud/毕设/ILP-Algorithm-for-Graph-Colouring-Problem/results/_merged/merged_schema_74a81e418f_cols26_files72.csv,inithx.i.1,iterlp2_full,1,6000,smallest_last,prefix_shrink+rounded_support,0.25,30,32,1e-06,full,54,7154.404541373253,time_limit
/mnt/g/Nextcloud/FSU_Cloud/毕设/ILP-Algorithm-for-Graph-Colouring-Problem/results/_merged/merged_schema_74a81e418f_cols26_files72.csv,inithx.i.1,iterlp2_full,2,6000,smallest_last,prefix_shrink+rounded_support,0.25,30,32,1e-06,full,54,6013.574489168823,time_limit
/mnt/g/Nextcloud/FSU_Cloud/毕设/ILP-Algorithm-for-Graph-Colouring-Problem/results/_merged/merged_schema_74a81e418f_cols26_files72.csv,myciel3,dsatur,0,10,,,,,,,baseline,4,0.000305563211441,baseline
/mnt/g/Nextcloud/FSU_Cloud/毕设/ILP-Algorithm-for-Graph-Colouring-Problem/results/_merged/merged_schema_74a81e418f_cols26_files72.csv,myciel3,dsatur,1,10,,,,,,,baseline,4,0.0001313909888267,baseline
/mnt/g/Nextcloud/FSU_Cloud/毕设/ILP-Algorithm-for-Graph-Colouring-Problem/results/_merged/merged_schema_74a81e418f_cols26_files72.csv,myciel3,dsatur,2,10,,,,,,,baseline,4,0.0001072064042091,baseline
/mnt/g/Nextcloud/FSU_Cloud/毕设/ILP-Algorithm-for-Graph-Colouring-Problem/results/_merged/merged_schema_74a81e418f_cols26_files72.csv,myciel3,slo,0,10,,,,,,,baseline,4,0.0002259165048599,baseline
/mnt/g/Nextcloud/FSU_Cloud/毕设/ILP-Algorithm-for-Graph-Colouring-Problem/results/_merged/merged_schema_74a81e418f_cols26_files72.csv,myciel3,slo,1,10,,,,,,,baseline,4,0.0001356080174446,baseline
/mnt/g/Nextcloud/FSU_Cloud/毕设/ILP-Algorithm-for-Graph-Colouring-Problem/results/_merged/merged_schema_74a81e418f_cols26_files72.csv,myciel3,slo,2,10,,,,,,,baseline,4,0.0001252219080924,baseline
/mnt/g/Nextcloud/FSU_Cloud/毕设/ILP-Algorithm-for-Graph-Colouring-Problem/results/_merged/merged_schema_74a81e418f_cols26_files72.csv,myciel3,iterlp2_full,0,10,smallest_last,prefix_shrink+rounded_support,0.25,20,16,1e-06,full,4,1.8089423924684525,stalled_at_K_eq_ceil_zLP
/mnt/g/Nextcloud/FSU_Cloud/毕设/ILP-Algorithm-for-Graph-Colouring-Problem/results/_merged/merged_schema_74a81e418f_cols26_files72.csv,myciel3,iterlp2_full,1,10,smallest_last,prefix_shrink+rounded_support,0.25,20,16,1e-06,full,4,1.7411962673068049,stalled_at_K_eq_ceil_zLP
/mnt/g/Nextcloud/FSU_Cloud/毕设/ILP-Algorithm-for-Graph-Colouring-Problem/results/_merged/merged_schema_74a81e418f_cols26_files72.csv,myciel3,iterlp2_full,2,10,smallest_last,prefix_shrink+rounded_support,0.25,20,16,1e-06,full,4,1.775933876633644,stalled_at_K_eq_ceil_zLP
/mnt/g/Nextcloud/FSU_Cloud/毕设/ILP-Algorithm-for-Graph-Colouring-Problem/results/_merged/merged_schema_74a81e418f_cols26_files72.csv,myciel4,dsatur,0,10,,,,,,,baseline,5,0.00059175491333,baseline
/mnt/g/Nextcloud/FSU_Cloud/毕设/ILP-Algorithm-for-Graph-Colouring-Problem/results/_merged/merged_schema_74a81e418f_cols26_files72.csv,myciel4,dsatur,1,10,,,,,,,baseline,5,0.0004011243581771,baseline
/mnt/g/Nextcloud/FSU_Cloud/毕设/ILP-Algorithm-for-Graph-Colouring-Problem/results/_merged/merged_schema_74a81e418f_cols26_files72.csv,myciel4,dsatur,2,10,,,,,,,baseline,5,0.0003993138670921,baseline
/mnt/g/Nextcloud/FSU_Cloud/毕设/ILP-Algorithm-for-Graph-Colouring-Problem/results/_merged/merged_schema_74a81e418f_cols26_files72.csv,myciel4,slo,0,10,,,,,,,baseline,5,0.0003320947289466,baseline
/mnt/g/Nextcloud/FSU_Cloud/毕设/ILP-Algorithm-for-Graph-Colouring-Problem/results/_merged/merged_schema_74a81e418f_cols26_files72.csv,myciel4,slo,1,10,,,,,,,baseline,5,0.0002828165888786,baseline
/mnt/g/Nextcloud/FSU_Cloud/毕设/ILP-Algorithm-for-Graph-Colouring-Problem/results/_merged/merged_schema_74a81e418f_cols26_files72.csv,myciel4,slo,2,10,,,,,,,baseline,5,0.0002908334136009,baseline
/mnt/g/Nextcloud/FSU_Cloud/毕设/ILP-Algorithm-for-Graph-Colouring-Problem/results/_merged/merged_schema_74a81e418f_cols26_files72.csv,myciel4,iterlp2_full,0,10,smallest_last,prefix_shrink+rounded_support,0.25,20,16,1e-06,full,5,10.289728000760078,time_limit
/mnt/g/Nextcloud/FSU_Cloud/毕设/ILP-Algorithm-for-Graph-Colouring-Problem/results/_merged/merged_schema_74a81e418f_cols26_files72.csv,myciel4,iterlp2_full,1,10,smallest_last,prefix_shrink+rounded_support,0.25,20,16,1e-06,full,5,10.207233421504498,time_limit
/mnt/g/Nextcloud/FSU_Cloud/毕设/ILP-Algorithm-for-Graph-Colouring-Problem/results/_merged/merged_schema_74a81e418f_cols26_files72.csv,myciel4,iterlp2_full,2,10,smallest_last,prefix_shrink+rounded_support,0.25,20,16,1e-06,full,5,10.219344578683376,time_limit
/mnt/g/Nextcloud/FSU_Cloud/毕设/ILP-Algorithm-for-Graph-Colouring-Problem/results/_merged/merged_schema_74a81e418f_cols26_files72.csv,myciel5,dsatur,0,10,,,,,,,baseline,6,0.0018912181258201,baseline
/mnt/g/Nextcloud/FSU_Cloud/毕设/ILP-Algorithm-for-Graph-Colouring-Problem/results/_merged/merged_schema_74a81e418f_cols26_files72.csv,myciel5,dsatur,1,10,,,,,,,baseline,6,0.0016848519444465,baseline
/mnt/g/Nextcloud/FSU_Cloud/毕设/ILP-Algorithm-for-Graph-Colouring-Problem/results/_merged/merged_schema_74a81e418f_cols26_files72.csv,myciel5,dsatur,2,10,,,,,,,baseline,6,0.0016716942191123,baseline
/mnt/g/Nextcloud/FSU_Cloud/毕设/ILP-Algorithm-for-Graph-Colouring-Problem/results/_merged/merged_schema_74a81e418f_cols26_files72.csv,myciel5,slo,0,10,,,,,,,baseline,6,0.0008120983839035,baseline
/mnt/g/Nextcloud/FSU_Cloud/毕设/ILP-Algorithm-for-Graph-Colouring-Problem/results/_merged/merged_schema_74a81e418f_cols26_files72.csv,myciel5,slo,1,10,,,,,,,baseline,6,0.0007767602801322,baseline
/mnt/g/Nextcloud/FSU_Cloud/毕设/ILP-Algorithm-for-Graph-Colouring-Problem/results/_merged/merged_schema_74a81e418f_cols26_files72.csv,myciel5,slo,2,10,,,,,,,baseline,6,0.0007890164852142,baseline
/mnt/g/Nextcloud/FSU_Cloud/毕设/ILP-Algorithm-for-Graph-Colouring-Problem/results/_merged/merged_schema_74a81e418f_cols26_files72.csv,myciel5,iterlp2_full,0,10,smallest_last,prefix_shrink+rounded_support,0.25,20,16,1e-06,full,6,10.194656066596508,time_limit
/mnt/g/Nextcloud/FSU_Cloud/毕设/ILP-Algorithm-for-Graph-Colouring-Problem/results/_merged/merged_schema_74a81e418f_cols26_files72.csv,myciel5,iterlp2_full,1,10,smallest_last,prefix_shrink+rounded_support,0.25,20,16,1e-06,full,6,10.573778331279756,time_limit
/mnt/g/Nextcloud/FSU_Cloud/毕设/ILP-Algorithm-for-Graph-Colouring-Problem/results/_merged/merged_schema_74a81e418f_cols26_files72.csv,myciel5,iterlp2_full,2,10,smallest_last,prefix_shrink+rounded_support,0.25,20,16,1e-06,full,6,10.348558612167835,time_limit
/mnt/g/Nextcloud/FSU_Cloud/毕设/ILP-Algorithm-for-Graph-Colouring-Problem/results/_merged/merged_schema_74a81e418f_cols26_files72.csv,myciel3,dsatur,0,5,,,,,,,baseline,4,0.0004314482212066,baseline
/mnt/g/Nextcloud/FSU_Cloud/毕设/ILP-Algorithm-for-Graph-Colouring-Problem/results/_merged/merged_schema_74a81e418f_cols26_files72.csv,myciel3,slo,0,5,,,,,,,baseline,4,0.0002257898449897,baseline
/mnt/g/Nextcloud/FSU_Cloud/毕设/ILP-Algorithm-for-Graph-Colouring-Problem/results/_merged/merged_schema_74a81e418f_cols26_files72.csv,myciel3,iterlp2_full,0,5,smallest_last,prefix_shrink+rounded_support,0.25,5,1,1e-06,full,4,1.7656408473849297,stalled_at_K_eq_ceil_zLP
/mnt/g/Nextcloud/FSU_Cloud/毕设/ILP-Algorithm-for-Graph-Colouring-Problem/results/_merged/merged_schema_74a81e418f_cols26_files72.csv,myciel4,dsatur,0,5,,,,,,,baseline,5,0.0006969422101974,baseline
/mnt/g/Nextcloud/FSU_Cloud/毕设/ILP-Algorithm-for-Graph-Colouring-Problem/results/_merged/merged_schema_74a81e418f_cols26_files72.csv,myciel4,slo,0,5,,,,,,,baseline,5,0.0004211887717247,baseline
/mnt/g/Nextcloud/FSU_Cloud/毕设/ILP-Algorithm-for-Graph-Colouring-Problem/results/_merged/merged_schema_74a81e418f_cols26_files72.csv,myciel4,iterlp2_full,0,5,smallest_last,prefix_shrink+rounded_support,0.25,5,1,1e-06,full,5,5.197818785905838,time_limit
/mnt/g/Nextcloud/FSU_Cloud/毕设/ILP-Algorithm-for-Graph-Colouring-Problem/results/_merged/merged_schema_74a81e418f_cols26_files72.csv,myciel5,dsatur,0,5,,,,,,,baseline,6,0.0023982897400856,baseline
/mnt/g/Nextcloud/FSU_Cloud/毕设/ILP-Algorithm-for-Graph-Colouring-Problem/results/_merged/merged_schema_74a81e418f_cols26_files72.csv,myciel5,slo,0,5,,,,,,,baseline,6,0.0010632872581481,baseline
/mnt/g/Nextcloud/FSU_Cloud/毕设/ILP-Algorithm-for-Graph-Colouring-Problem/results/_merged/merged_schema_74a81e418f_cols26_files72.csv,myciel5,iterlp2_full,0,5,smallest_last,prefix_shrink+rounded_support,0.25,5,1,1e-06,full,6,5.169135570526123,time_limit
/mnt/g/Nextcloud/FSU_Cloud/毕设/ILP-Algorithm-for-Graph-Colouring-Problem/results/_merged/merged_schema_1c84042baf_cols25_files2.csv,DSJC1000.9,dsatur,0,60,,,,,,,baseline,299,37.49224593490362,baseline
/mnt/g/Nextcloud/FSU_Cloud/毕设/ILP-Algorithm-for-Graph-Colouring-Problem/results/_merged/merged_schema_1c84042baf_cols25_files2.csv,DSJC1000.9,dsatur,0,60,,,,,,,baseline,299,36.31350678950548,baseline
